sa2_code,sa2_name,dhb,pop_cnt,dose1_cnt,dose2_cnt,dose1_uptake,dose2_uptake
100700,Kaitaia East,Northland,49,Masked,36, >950 , 735 
100800,Kaitaia West,Northland,102,88,72, 863 , 706 
103000,Kerikeri Central,Northland,56,Masked,Masked, >950 , >950 
103500,Kaikohe,Northland,104,78,62, 750 , 596 
105800,Kamo East,Northland,101,85,73, 842 , 723 
106200,Tikipunga North,Northland,70,49,36, 700 , 514 
106400,Otangarei,Northland,50,35,30, 700 , 600 
106500,Tikipunga South,Northland,80,67,47, 838 , 588 
106600,Kensington (Whangarei District),Northland,56,Masked,50, >950 , 893 
106800,Mairtown,Northland,56,43,37, 768 , 661 
107000,Woodhill-Vinetown,Northland,82,69,60, 841 , 732 
107200,Riverside,Northland,45,38,35, 844 , 778 
107300,Raumanga,Northland,89,74,62, 831 , 697 
107500,Morningside (Whangarei District),Northland,51,40,35, 784 , 686 
108200,Sherwood Rise,Northland,47,Masked,36, >950 , 766 
108300,Onerahi,Northland,52,37,30, 712 , 577 
108800,Ruakaka,Northland,53,43,39, 811 , 736 
109100,Kaipara Coastal,Northland,43,29,23, 674 , 535 
109300,Dargaville,Northland,204,167,134, 819 , 657 
110400,Cape Rodney,Waitemata,50,37,33, 740 , 660 
110500,Wellsford,Waitemata,62,52,49, 839 , 790 
110700,South Head,Waitemata,49,38,30, 776 , 612 
111100,Warkworth West,Waitemata,94,Masked,89, >950 , 947 
111200,Puhoi Valley,Waitemata,54,Masked,Masked, >950 , >950 
111300,Warkworth East,Waitemata,161,Masked,Masked, >950 , >950 
111700,Snells Beach,Waitemata,100,Masked,80, >950 , 800 
112400,Helensville,Waitemata,99,76,66, 768 , 667 
112700,Orewa North,Waitemata,63,Masked,56, >950 , 889 
112900,Orewa South,Waitemata,64,56,51, 875 , 797 
113000,Orewa Central,Waitemata,69,56,52, 812 , 754 
113600,Kingsway,Waitemata,44,Masked,37, >950 , 841 
114000,Red Beach East,Waitemata,54,Masked,51, >950 , 944 
114400,Vipond,Waitemata,44,Masked,40, >950 , 909 
114700,Kumeu Rural West,Waitemata,64,59,53, 922 , 828 
114900,Whangaparoa Central,Waitemata,47,38,34, 809 , 723 
115000,Kumeu-Huapai,Waitemata,145,Masked,128, >950 , 883 
115200,Manly West,Waitemata,46,40,33, 870 , 717 
115700,Gulf Harbour North,Waitemata,47,Masked,39, >950 , 830 
115800,Manly East,Waitemata,70,51,48, 729 , 686 
115900,Riverhead,Waitemata,65,61,61, 938 , 938 
116100,Kumeu Rural East,Waitemata,85,77,68, 906 , 800 
116200,Gulf Harbour South,Waitemata,40,36,35, 900 , 875 
116600,Paremoremo East,Waitemata,40,29,29, 725 , 725 
116700,Albany Heights,Waitemata,45,Masked,41, >950 , 911 
116800,Awaruku,Waitemata,52,Masked,48, >950 , 923 
117000,Whenuapai,Waitemata,205,178,160, 868 , 780 
117200,Torbay,Waitemata,61,Masked,54, >950 , 885 
117400,Albany West,Waitemata,44,Masked,Masked, >950 , >950 
117500,Glamorgan,Waitemata,42,Masked,37, >950 , 881 
117600,Oteha East,Waitemata,45,34,33, 756 , 733 
117900,Waiake,Waitemata,50,42,34, 840 , 680 
118000,Waitakere,Waitemata,69,62,58, 899 , 841 
118100,Albany South,Waitemata,40,Masked,37, >950 , 925 
118900,Greenhithe West,Waitemata,40,37,35, 925 , 875 
119200,Hobsonville,Waitemata,60,51,48, 850 , 800 
119600,Westgate South,Waitemata,259,210,185, 811 , 714 
119800,West Harbour West,Waitemata,553,485,418, 877 , 756 
119900,Unsworth Heights West,Waitemata,42,Masked,39, >950 , 929 
120100,Birdwood West,Waitemata,44,35,29, 795 , 659 
120200,Hobsonville Point,Waitemata,150,Masked,135, >950 , 900 
120300,West Harbour Clearwater Cove,Waitemata,150,142,128, 947 , 853 
120400,Unsworth Heights East,Waitemata,108,Masked,93, >950 , 861 
120600,Massey Central,Waitemata,660,591,519, 895 , 786 
120700,West Harbour Luckens Point,Waitemata,87,79,65, 908 , 747 
120900,Massey Royal Road West,Waitemata,439,Masked,382, >950 , 870 
121000,Bayview East,Waitemata,166,Masked,142, >950 , 855 
121100,Swanson Rural,Waitemata,68,Masked,61, >950 , 897 
121200,Sunnynook South,Waitemata,81,Masked,72, >950 , 889 
121300,Sunnynook North,Waitemata,45,41,37, 911 , 822 
121400,Bayview West,Waitemata,90,Masked,83, >950 , 922 
121500,Totara Vale North,Waitemata,102,92,86, 902 , 843 
121600,Royal Heights North,Waitemata,485,411,369, 847 , 761 
121700,Massey West,Waitemata,213,183,156, 859 , 732 
121800,Beach Haven West,Waitemata,146,Masked,Masked, >950 , >950 
121900,Totara Vale South,Waitemata,162,150,132, 926 , 815 
122000,Swanson,Waitemata,226,213,193, 942 , 854 
122100,Bayview South,Waitemata,119,104,100, 874 , 840 
122300,Royal Heights South,Waitemata,646,576,513, 892 , 794 
122400,Beach Haven East,Waitemata,524,453,410, 865 , 782 
122500,Massey East,Waitemata,843,745,623, 884 , 739 
122700,Glenfield North,Waitemata,130,118,114, 908 , 877 
122800,Birkdale North,Waitemata,332,312,283, 940 , 852 
122900,Massey South,Waitemata,804,715,638, 889 , 794 
123000,Ranui North,Waitemata,982,873,772, 889 , 786 
123100,Glenfield West,Waitemata,108,Masked,95, >950 , 880 
123200,Te Atatu Peninsula North West,Waitemata,275,231,208, 840 , 756 
123300,Glenfield South West,Waitemata,165,150,143, 909 , 867 
123400,Forrest Hill West,Waitemata,97,86,71, 887 , 732 
123600,Forrest Hill East,Waitemata,67,Masked,60, >950 , 896 
123800,Ranui Domain,Waitemata,668,588,502, 880 , 751 
123900,Beach Haven South,Waitemata,79,73,65, 924 , 823 
124000,Glenfield Central,Waitemata,92,Masked,77, >950 , 837 
124200,Ranui South West,Waitemata,463,422,383, 911 , 827 
124300,Henderson Larnoch,Waitemata,914,811,708, 887 , 775 
124400,Birkdale South,Waitemata,300,275,253, 917 , 843 
124500,Te Atatu Peninsula Central,Waitemata,421,373,328, 886 , 779 
124600,Glenfield East,Waitemata,77,Masked,70, >950 , 909 
124700,Henderson Valley,Waitemata,50,Masked,44, >950 , 880 
124800,Te Atatu Peninsula West,Waitemata,420,391,335, 931 , 798 
124900,Henderson Lincoln West,Waitemata,587,521,477, 888 , 813 
125000,Ranui South East,Waitemata,438,402,362, 918 , 826 
125200,Birkenhead West,Waitemata,80,75,71, 938 , 888 
125300,Te Atatu Peninsula East,Waitemata,231,205,183, 887 , 792 
125400,Milford West,Waitemata,40,36,33, 900 , 825 
125600,Hillcrest North (Auckland),Waitemata,77,69,67, 896 , 870 
125700,Henderson Lincoln South,Waitemata,357,308,285, 863 , 798 
125800,Hillcrest West (Auckland),Waitemata,55,48,43, 873 , 782 
126000,Summerland South,Waitemata,278,239,220, 860 , 791 
126100,Summerland North,Waitemata,174,Masked,157, >950 , 902 
126200,Hillcrest East (Auckland),Waitemata,83,Masked,Masked, >950 , >950 
126300,Chatswood,Waitemata,60,57,55, 950 , 917 
126400,Te Atatu South-Edmonton,Waitemata,584,497,454, 851 , 777 
126500,Birkenhead North,Waitemata,62,51,48, 823 , 774 
126600,Takapuna West,Waitemata,75,68,63, 907 , 840 
126700,Henderson North,Waitemata,584,516,461, 884 , 789 
126900,Western Heights (Auckland),Waitemata,437,409,375, 936 , 858 
127000,Te Atatu South-Central,Waitemata,532,475,435, 893 , 818 
127100,Northcote Central (Auckland),Waitemata,215,192,168, 893 , 781 
127200,Akoranga,Waitemata,85,74,63, 871 , 741 
127300,Northcote South (Auckland),Waitemata,59,Masked,Masked, >950 , >950 
127500,Henderson Central,Waitemata,140,124,110, 886 , 786 
127600,Waiatarua,Waitemata,66,Masked,56, >950 , 848 
127700,Te Atatu South-McLeod North,Waitemata,485,437,393, 901 , 810 
127800,Henderson Valley Park,Waitemata,560,523,466, 934 , 832 
127900,Henderson North East,Waitemata,372,310,280, 833 , 753 
128100,Northcote Tuff Crater,Waitemata,59,Masked,54, >950 , 915 
128200,Northcote Point (Auckland),Waitemata,66,Masked,60, >950 , 909 
128300,McLaren Park,Waitemata,1073,905,811, 843 , 756 
128400,Henderson East,Waitemata,474,421,375, 888 , 791 
128500,Te Atatu South-McLeod South,Waitemata,552,504,454, 913 , 822 
128800,Hauraki,Waitemata,49,Masked,45, >950 , 918 
128900,Glendene North,Waitemata,986,878,785, 890 , 796 
129000,Sunnyvale West-Parrs Park,Waitemata,625,549,490, 878 , 784 
129100,Sunnyvale East,Waitemata,752,648,577, 862 , 767 
129200,Point Chevalier West,Auckland,183,164,149, 896 , 814 
129300,Belmont (Auckland),Waitemata,72,55,50, 764 , 694 
129400,Bayswater,Waitemata,105,91,86, 867 , 819 
129500,Glendene South,Waitemata,677,608,555, 898 , 820 
129600,Glen Eden West,Waitemata,701,627,555, 894 , 792 
129800,Westmere North,Auckland,81,Masked,Masked, >950 , >950 
129900,Point Chevalier East,Auckland,309,275,249, 890 , 806 
130000,Oratia,Waitemata,55,52,47, 945 , 855 
130100,Glen Eden Rosier,Waitemata,577,523,473, 906 , 820 
130200,Saint Marys Bay,Auckland,51,44,41, 863 , 804 
130300,Westmere South-Western Springs,Auckland,146,Masked,130, >950 , 890 
130400,Ponsonby West,Auckland,149,130,124, 872 , 832 
130500,Kelston North,Waitemata,787,686,620, 872 , 788 
130600,Avondale Rosebank ,Auckland,1166,1015,923, 870 , 792 
130700,Narrow Neck,Waitemata,53,46,46, 868 , 868 
130800,Glen Eden North,Waitemata,469,435,391, 928 , 834 
130900,Glen Eden Woodglen,Waitemata,624,564,499, 904 , 800 
131000,Kelston South,Waitemata,668,588,514, 880 , 769 
131100,Waterview,Auckland,577,526,468, 912 , 811 
131200,Ponsonby East,Auckland,179,166,155, 927 , 866 
131500,Glen Eden Central,Waitemata,311,276,251, 887 , 807 
131600,Grey Lynn North,Auckland,245,216,202, 882 , 824 
131700,Avondale West (Auckland),Auckland,1063,935,829, 880 , 780 
131800,Freemans Bay,Auckland,178,144,129, 809 , 725 
131900,Mount Albert West,Auckland,247,203,175, 822 , 709 
132000,Avondale North (Auckland),Auckland,591,496,439, 839 , 743 
132100,Grey Lynn West,Auckland,364,331,309, 909 , 849 
132200,Mount Albert North,Auckland,298,267,238, 896 , 799 
132300,New Lynn North,Waitemata,517,458,409, 886 , 791 
132400,Victoria Park ,Auckland,72,66,58, 917 , 806 
132500,Konini,Waitemata,176,142,131, 807 , 744 
132600,New Lynn North West,Waitemata,404,357,323, 884 , 800 
132700,Hobson Ridge North,Auckland,91,83,69, 912 , 758 
132800,Grey Lynn Central,Auckland,352,325,301, 923 , 855 
132900,Fruitvale,Waitemata,317,282,258, 890 , 814 
133000,Devonport,Waitemata,44,36,36, 818 , 818 
133100,Avondale Central (Auckland),Auckland,436,406,364, 931 , 835 
133200,Queen Street,Auckland,61,46,44, 754 , 721 
133300,Quay Street-Customs Street,Auckland,84,75,67, 893 , 798 
133400,Hobson Ridge Central,Auckland,108,Masked,91, >950 , 843 
133500,Grey Lynn East,Auckland,130,123,114, 946 , 877 
133600,Morningside (Auckland),Auckland,330,292,270, 885 , 818 
133800,Hobson Ridge South,Auckland,48,40,34, 833 , 708 
133900,New Lynn Central,Waitemata,44,39,36, 886 , 818 
134100,Queen Street South West,Auckland,64,52,42, 813 , 656 
134200,Mount Albert Central,Auckland,191,170,159, 890 , 832 
134300,Karangahape,Auckland,108,93,83, 861 , 769 
134400,Kingsland,Auckland,333,306,279, 919 , 838 
134500,Anzac Avenue,Auckland,77,63,58, 818 , 753 
134600,Waima-Woodlands Park,Waitemata,55,51,47, 927 , 855 
134700,Kaurilands,Waitemata,112,102,95, 911 , 848 
134900,New Lynn Seabrook,Waitemata,359,305,262, 850 , 730 
135000,Avondale South (Auckland),Auckland,712,647,588, 909 , 826 
135100,Symonds Street North West,Auckland,87,79,66, 908 , 759 
135200,Mount Albert South,Auckland,104,87,83, 837 , 798 
135300,Symonds Street West,Auckland,105,Masked,93, >950 , 886 
135400,West Lynn,Waitemata,198,169,156, 854 , 788 
135500,Owairaka West,Auckland,327,283,255, 865 , 780 
135600,New Lynn Central South,Waitemata,373,348,300, 933 , 804 
135700,The Strand,Auckland,69,58,57, 841 , 826 
135800,St Lukes,Auckland,157,126,118, 803 , 752 
135900,Symonds Street East,Auckland,115,92,79, 800 , 687 
136000,Eden Terrace,Auckland,165,149,136, 903 , 824 
136100,Grafton,Auckland,56,53,51, 946 , 911 
136200,Eden Park,Auckland,117,104,91, 889 , 778 
136300,Sandringham North,Auckland,272,237,218, 871 , 801 
136400,Parnell West,Auckland,84,78,67, 929 , 798 
136500,New Lynn South,Waitemata,490,450,403, 918 , 822 
136600,New Windsor North,Auckland,460,408,369, 887 , 802 
136700,Titirangi South,Waitemata,91,Masked,83, >950 , 912 
136800,Owairaka East,Auckland,254,213,198, 839 , 780 
136900,Eden Valley,Auckland,69,62,53, 899 , 768 
137000,Sandringham Central,Auckland,240,201,182, 838 , 758 
137100,Glenavon,Auckland,709,600,524, 846 , 739 
137200,Blockhouse Bay North,Auckland,441,375,336, 850 , 762 
137300,Green Bay North,Waitemata,144,Masked,131, >950 , 910 
137400,Parnell East,Auckland,71,64,62, 901 , 873 
137600,Sandringham West,Auckland,192,171,155, 891 , 807 
137700,Mount Eden North East,Auckland,57,47,38, 825 , 667 
137800,Mount Eden North,Auckland,101,84,81, 832 , 802 
137900,Wesley West,Auckland,1076,920,818, 855 , 760 
138000,Green Bay South,Waitemata,139,130,121, 935 , 871 
138100,Balmoral,Auckland,200,178,162, 890 , 810 
138200,Sandringham East,Auckland,308,272,250, 883 , 812 
138300,New Windsor South,Auckland,637,546,497, 857 , 780 
138400,Mount Eden West,Auckland,111,98,93, 883 , 838 
138500,Newmarket,Auckland,58,Masked,Masked, >950 , >950 
138600,Blockhouse Bay North East,Auckland,251,Masked,216, >950 , 861 
138700,Epsom North,Auckland,110,87,84, 791 , 764 
138900,Blockhouse Bay South,Auckland,269,233,219, 866 , 814 
139000,Mount Eden East,Auckland,71,64,56, 901 , 789 
139100,Wesley East,Auckland,612,534,472, 873 , 771 
139200,Orakei West,Auckland,58,Masked,55, >950 , 948 
139300,Maungawhau,Auckland,94,Masked,89, >950 , 947 
139400,Remuera West,Auckland,63,47,44, 746 , 698 
139500,Blockhouse Bay East,Auckland,140,131,125, 936 , 893 
139600,Lynfield North,Auckland,182,161,142, 885 , 780 
139700,Mount Roskill North,Auckland,342,275,247, 804 , 722 
139800,Mount Roskill White Swan,Auckland,531,434,390, 817 , 734 
139900,Mount Eden South,Auckland,81,71,66, 877 , 815 
140000,Remuera Waitaramoa,Auckland,44,Masked,40, >950 , 909 
140100,Orakei East,Auckland,100,88,77, 880 , 770 
140200,Epsom Central-North,Auckland,64,Masked,57, >950 , 891 
140300,Mount St John,Auckland,124,101,95, 815 , 766 
140400,Mount Roskill Central North,Auckland,436,370,336, 849 , 771 
140500,Remuera North,Auckland,41,Masked,37, >950 , 902 
140600,Three Kings West,Auckland,421,369,334, 876 , 793 
140700,Mount Roskill Central South,Auckland,521,447,391, 858 , 750 
140800,Epsom Central-South,Auckland,102,91,86, 892 , 843 
140900,Lynfield South,Auckland,267,249,232, 933 , 869 
141000,Remuera South,Auckland,102,96,91, 941 , 892 
141100,Mission Bay,Auckland,55,Masked,50, >950 , 909 
141200,Three Kings East,Auckland,68,55,53, 809 , 779 
141300,Mount Roskill South,Auckland,185,163,149, 881 , 805 
141500,Epsom East,Auckland,94,82,75, 872 , 798 
141700,Epsom South,Auckland,49,40,36, 816 , 735 
141900,Meadowbank West,Auckland,111,103,95, 928 , 856 
142000,Hillsborough North (Auckland),Auckland,310,270,237, 871 , 765 
142100,Hillsborough West (Auckland),Auckland,272,250,236, 919 , 868 
142200,Greenlane North,Auckland,106,100,90, 943 , 849 
142300,Waikowhai North,Auckland,918,783,694, 853 , 756 
142500,Waikowhai South,Auckland,124,Masked,108, >950 , 871 
142600,Royal Oak West (Auckland),Auckland,171,144,136, 842 , 795 
142700,Saint Heliers West,Auckland,41,Masked,35, >950 , 854 
142800,One Tree Hill,Auckland,355,324,283, 913 , 797 
142900,Hillsborough East (Auckland),Auckland,170,159,145, 935 , 853 
143100,Remuera Abbotts Park,Auckland,67,54,53, 806 , 791 
143200,Meadowbank East,Auckland,65,59,55, 908 , 846 
143300,Ellerslie Central,Auckland,149,131,117, 879 , 785 
143400,Royal Oak East (Auckland),Auckland,209,183,170, 876 , 813 
143500,Saint Heliers South,Auckland,76,71,65, 934 , 855 
143600,Hillsborough South (Auckland),Auckland,165,150,141, 909 , 855 
143700,Saint Johns West,Auckland,71,Masked,65, >950 , 915 
143800,Greenlane South,Auckland,283,249,219, 880 , 774 
143900,Remuera Waiatarua,Auckland,54,Masked,Masked, >950 , >950 
144100,Onehunga West,Auckland,388,364,336, 938 , 866 
144300,Onehunga North,Auckland,494,431,384, 872 , 777 
144400,Ellerslie East,Auckland,126,Masked,117, >950 , 929 
144500,Saint Johns East,Auckland,159,Masked,136, >950 , 855 
144700,Glen Innes West,Auckland,1232,1031,885, 837 , 718 
144800,Ellerslie South,Auckland,105,Masked,97, >950 , 924 
145000,Onehunga Central,Auckland,525,465,433, 886 , 825 
145100,Glendowie South,Auckland,152,128,121, 842 , 796 
145200,Oranga,Auckland,1016,893,782, 879 , 770 
145300,Mount Wellington North West,Auckland,161,148,138, 919 , 857 
145400,Panmure Glen Innes Industrial,Auckland,63,57,49, 905 , 778 
145500,Onehunga-Te Papapa Industrial,Auckland,163,136,120, 834 , 736 
145600,Te Papapa,Auckland,591,530,476, 897 , 805 
145800,Glen Innes East-Wai O Taiki Bay,Auckland,1272,1111,951, 873 , 748 
145900,Penrose,Auckland,111,93,87, 838 , 784 
146000,Mount Wellington North East,Auckland,114,Masked,106, >950 , 930 
146100,Mangere Bridge Ambury,Counties Manukau,661,569,521, 861 , 788 
146200,Mount Wellington Ferndale,Auckland,611,551,500, 902 , 818 
146300,Point England,Auckland,1807,1543,1333, 854 , 738 
146400,Bucklands Beach North,Counties Manukau,51,40,38, 784 , 745 
146500,Mount Wellington East,Auckland,449,406,369, 904 , 822 
146600,Mount Wellington West,Auckland,569,522,481, 917 , 845 
146800,Mangere Bridge,Counties Manukau,678,566,523, 835 , 771 
147000,Tamaki,Auckland,1241,1071,922, 863 , 743 
147100,Panmure East,Auckland,512,462,411, 902 , 803 
147200,Mount Wellington Central,Auckland,659,556,492, 844 , 747 
147500,Mangere Mountain View,Counties Manukau,1460,1219,1083, 835 , 742 
147800,Half Moon Bay West,Counties Manukau,63,58,55, 921 , 873 
147900,Auckland Airport,Counties Manukau,118,79,69, 669 , 585 
148100,Sunnyhills West-Pakuranga North,Counties Manukau,93,86,78, 925 , 839 
148200,Favona North,Counties Manukau,1560,1353,1216, 867 , 779 
148500,Mangere North,Counties Manukau,1249,1079,947, 864 , 758 
148600,Favona West,Counties Manukau,1934,1686,1499, 872 , 775 
148700,Ostend,Auckland,41,35,31, 854 , 756 
148900,Mangere West,Counties Manukau,2544,2138,1882, 840 , 740 
149000,Pakuranga West,Counties Manukau,471,420,375, 892 , 796 
149100,Mount Wellington South West,Auckland,648,577,515, 890 , 795 
149200,Sunnyhills East,Counties Manukau,72,64,57, 889 , 792 
149300,Half Moon Bay South East,Counties Manukau,147,122,114, 830 , 776 
149400,Favona East,Counties Manukau,2079,1797,1587, 864 , 763 
149500,Mount Wellington South East,Auckland,1230,1076,935, 875 , 760 
149700,Bucklands Beach South,Counties Manukau,103,82,74, 796 , 718 
149800,Pakuranga Central,Counties Manukau,352,307,279, 872 , 793 
149900,Awhitu,Counties Manukau,52,41,40, 788 , 769 
150000,Harania North,Counties Manukau,2690,2336,2025, 868 , 753 
150100,Otahuhu Central,Auckland,582,540,494, 928 , 849 
150200,Mangere Central,Counties Manukau,2169,1861,1660, 858 , 765 
150300,Otahuhu North,Auckland,1610,1501,1344, 932 , 835 
150400,Howick West,Counties Manukau,130,116,110, 892 , 846 
150500,Pakuranga Heights North West,Counties Manukau,216,183,166, 847 , 769 
150600,Mellons Bay,Counties Manukau,45,36,33, 800 , 733 
150700,Pakuranga Heights East,Counties Manukau,209,Masked,183, >950 , 876 
150800,Sutton Park,Counties Manukau,2441,2137,1921, 875 , 787 
150900,Otahuhu East,Auckland,916,823,740, 898 , 808 
151000,Mangere South,Counties Manukau,1909,1617,1448, 847 , 759 
151200,Harania South,Counties Manukau,1879,1655,1468, 881 , 781 
151300,Highland Park (Auckland),Counties Manukau,159,133,115, 836 , 723 
151400,Otahuhu South West,Auckland,1506,1348,1219, 895 , 809 
151500,Pakuranga Heights South West,Counties Manukau,328,299,271, 912 , 826 
151600,Mangere Mascot,Counties Manukau,2287,1967,1735, 860 , 759 
151800,Massey Road West,Counties Manukau,2090,1798,1591, 860 , 761 
151900,Otahuhu South,Auckland,1448,1313,1165, 907 , 805 
152000,Howick Central,Counties Manukau,119,106,97, 891 , 815 
152100,Massey Road North,Counties Manukau,1518,1364,1208, 899 , 796 
152200,Botany Downs West,Counties Manukau,110,102,87, 927 , 791 
152400,Howick East,Counties Manukau,86,77,69, 895 , 802 
152500,Burswood,Counties Manukau,86,77,71, 895 , 826 
152600,Massey Road South,Counties Manukau,1043,914,820, 876 , 786 
152800,Mangere South East,Counties Manukau,1888,1647,1467, 872 , 777 
152900,Botany Downs East,Counties Manukau,70,65,61, 929 , 871 
153000,Grange,Counties Manukau,1147,992,875, 865 , 763 
153100,Golflands,Counties Manukau,64,Masked,60, >950 , 938 
153200,Aorere North,Counties Manukau,838,741,638, 884 , 761 
153300,Mangere East,Counties Manukau,1545,1396,1260, 904 , 816 
153400,Cockle Bay,Counties Manukau,69,Masked,64, >950 , 928 
153500,Otara West,Counties Manukau,1975,1640,1424, 830 , 721 
153600,Aorere Central,Counties Manukau,1018,905,824, 889 , 809 
153700,Northpark North,Counties Manukau,69,62,58, 899 , 841 
153800,Somerville,Counties Manukau,97,87,85, 897 , 876 
153900,Northpark South,Counties Manukau,64,Masked,59, >950 , 922 
154000,Papatoetoe North,Counties Manukau,1353,1227,1123, 907 , 830 
154100,Dingwall,Counties Manukau,739,672,621, 909 , 840 
154200,Aorere South,Counties Manukau,1888,1675,1562, 887 , 827 
154300,Shelly Park,Counties Manukau,53,50,48, 943 , 906 
154400,Otara Central,Counties Manukau,1692,1402,1217, 829 , 719 
154500,Huntington Park,Counties Manukau,76,69,65, 908 , 855 
154700,Botany North,Counties Manukau,71,Masked,Masked, >950 , >950 
154800,Papatoetoe West,Counties Manukau,1539,1372,1267, 891 , 823 
154900,Papatoetoe Central,Counties Manukau,1065,997,929, 936 , 872 
155000,Sunkist Bay,Counties Manukau,54,49,49, 907 , 907 
155100,Otara East,Counties Manukau,2359,2031,1789, 861 , 758 
155200,Redcastle,Counties Manukau,187,162,147, 866 , 786 
155300,Botany East,Counties Manukau,65,59,58, 908 , 892 
155400,Botany South,Counties Manukau,94,Masked,87, >950 , 926 
155500,Manukau Central,Counties Manukau,257,206,178, 802 , 693 
155600,Papatoetoe East,Counties Manukau,1278,1123,1034, 879 , 809 
155700,Otara South,Counties Manukau,2412,2001,1738, 830 , 721 
155800,Ferguson,Counties Manukau,2752,2343,2020, 851 , 734 
155900,Papatoetoe South West,Counties Manukau,1327,1194,1082, 900 , 815 
156100,Dannemora North,Counties Manukau,118,102,95, 864 , 805 
156200,Papatoetoe South,Counties Manukau,896,820,767, 915 , 856 
156300,East Tamaki Heights,Counties Manukau,97,88,86, 907 , 887 
156400,Te Puru,Counties Manukau,75,68,67, 907 , 893 
156500,Puhinui North,Counties Manukau,892,831,774, 932 , 868 
156600,Dannemora South,Counties Manukau,200,182,169, 910 , 845 
156700,Puhinui South,Counties Manukau,677,617,563, 911 , 832 
156800,Rongomai West,Counties Manukau,1525,1280,1111, 839 , 729 
156900,Baverstock,Counties Manukau,356,337,298, 947 , 837 
157000,Puhinui East,Counties Manukau,675,620,577, 919 , 855 
157100,Turanga,Counties Manukau,58,50,50, 862 , 862 
157200,Rongomai East,Counties Manukau,1181,972,861, 823 , 729 
157300,Ormiston North,Counties Manukau,189,176,171, 931 , 905 
157500,Chapel Downs,Counties Manukau,814,704,632, 865 , 776 
157600,Wiri West,Counties Manukau,168,153,128, 911 , 762 
157700,Clover Park North,Counties Manukau,2538,2169,1940, 855 , 764 
157800,Mission Heights North,Counties Manukau,229,212,192, 926 , 838 
157900,Clover Park South,Counties Manukau,1349,1192,1066, 884 , 790 
158000,Donegal Park,Counties Manukau,623,551,504, 884 , 809 
158100,Ormiston South,Counties Manukau,607,Masked,544, >950 , 896 
158200,Mission Heights South,Counties Manukau,302,281,248, 930 , 821 
158300,Hilltop (Auckland),Counties Manukau,733,639,577, 872 , 787 
158400,Wiri East,Counties Manukau,1689,1389,1217, 822 , 721 
158500,Goodwood Heights,Counties Manukau,917,827,753, 902 , 821 
158600,Ormiston East,Counties Manukau,308,Masked,281, >950 , 912 
158700,Clendon Park North,Counties Manukau,1377,1184,1009, 860 , 733 
158800,Burbank,Counties Manukau,1658,1438,1260, 867 , 760 
158900,Tuscany Heights,Counties Manukau,94,86,79, 915 , 840 
159000,Totara Heights,Counties Manukau,570,515,473, 904 , 830 
159100,Homai East,Counties Manukau,987,833,747, 844 , 757 
159200,Homai West,Counties Manukau,1761,1509,1320, 857 , 750 
159300,The Gardens (Auckland),Counties Manukau,430,374,335, 870 , 779 
159400,Clarks Beach,Counties Manukau,44,Masked,Masked, >950 , >950 
159500,Clendon Park West,Counties Manukau,1306,1165,1019, 892 , 780 
159600,Hillpark North,Counties Manukau,366,320,277, 874 , 757 
159700,Clendon Park East,Counties Manukau,1031,924,811, 896 , 787 
159900,Rowandale West,Counties Manukau,1482,1283,1123, 866 , 758 
160000,Rowandale East,Counties Manukau,1383,1218,1083, 881 , 783 
160100,Manurewa Central,Counties Manukau,927,829,740, 894 , 798 
160200,Weymouth North,Counties Manukau,1687,1484,1318, 880 , 781 
160300,Hillpark South,Counties Manukau,482,409,369, 849 , 766 
160400,Alfriston,Counties Manukau,564,485,436, 860 , 773 
160500,Weymouth East,Counties Manukau,1342,1158,1025, 863 , 764 
160600,Leabank,Counties Manukau,1448,1243,1071, 858 , 740 
160700,Weymouth South,Counties Manukau,1110,940,834, 847 , 751 
160800,Manurewa East,Counties Manukau,895,801,675, 895 , 754 
160900,Manurewa South,Counties Manukau,1174,1030,912, 877 , 777 
161000,Randwick Park East,Counties Manukau,521,453,405, 869 , 777 
161100,Wattle Downs West,Counties Manukau,378,347,309, 918 , 817 
161200,Wattle Downs North,Counties Manukau,822,695,586, 845 , 713 
161300,Randwick Park West,Counties Manukau,1239,1062,921, 857 , 743 
161400,Kingseat-Karaka,Counties Manukau,68,Masked,60, >950 , 882 
161500,Wattle Downs East,Counties Manukau,287,258,237, 899 , 826 
161600,Takanini North,Counties Manukau,366,312,266, 852 , 727 
161800,Conifer Grove West,Counties Manukau,177,157,150, 887 , 847 
161900,Conifer Grove East,Counties Manukau,354,276,234, 780 , 661 
162000,Takanini West,Counties Manukau,468,400,346, 855 , 739 
162100,Takanini South,Counties Manukau,607,573,519, 944 , 855 
162200,Takanini Central,Counties Manukau,105,Masked,Masked, >950 , >950 
162300,Ardmore,Counties Manukau,46,42,39, 913 , 848 
162400,Glenbrook,Counties Manukau,94,86,76, 915 , 809 
162500,Hingaia,Counties Manukau,100,Masked,90, >950 , 900 
162600,Takanini South East,Counties Manukau,354,325,279, 918 , 788 
162800,Papakura West,Counties Manukau,170,147,128, 865 , 753 
163000,Papakura North,Counties Manukau,510,441,399, 865 , 782 
163100,Pahurehure,Counties Manukau,209,194,174, 928 , 833 
163200,Papakura Central,Counties Manukau,352,298,260, 847 , 739 
163300,Papakura North East,Counties Manukau,495,467,416, 943 , 840 
163400,Karaka Lakes,Counties Manukau,126,112,100, 889 , 794 
163500,Papakura Kelvin,Counties Manukau,818,735,626, 899 , 765 
163600,Papakura Massey Park,Counties Manukau,506,445,385, 879 , 761 
163700,Rosehill,Counties Manukau,530,477,426, 900 , 804 
163900,Papakura East,Counties Manukau,635,559,485, 880 , 764 
164000,Opaheke,Counties Manukau,241,204,183, 846 , 759 
164200,Red Hill,Counties Manukau,394,350,299, 888 , 759 
164300,Drury,Counties Manukau,90,73,62, 811 , 689 
164400,Tamakae,Counties Manukau,54,Masked,44, >950 , 815 
164500,Hamilton Estate,Counties Manukau,69,61,53, 884 , 768 
164600,Drury Rural,Counties Manukau,72,57,54, 792 , 750 
164800,Waiuku East,Counties Manukau,55,46,43, 836 , 782 
165000,Puni,Counties Manukau,93,84,75, 903 , 806 
165100,Ramarama,Counties Manukau,59,Masked,52, >950 , 881 
165300,Pukekohe North West,Counties Manukau,462,428,362, 926 , 784 
165400,Anselmi Ridge,Counties Manukau,53,Masked,Masked, >950 , >950 
165500,Pukekohe West,Counties Manukau,478,439,369, 918 , 772 
165600,Cape Hill,Counties Manukau,46,Masked,38, >950 , 826 
165700,Rosa Birch Park,Counties Manukau,51,45,44, 882 , 863 
165800,Rooseville Park,Counties Manukau,74,Masked,60, >950 , 811 
165900,Cloverlea (Auckland),Counties Manukau,60,55,51, 917 , 850 
166100,Pukekohe Hospital,Counties Manukau,53,45,39, 849 , 736 
166300,Bombay Hills,Counties Manukau,47,41,37, 872 , 787 
167100,Whitianga South,Waikato,49,36,33, 735 , 673 
167800,Thames South,Waikato,47,37,32, 787 , 681 
169200,Paeroa,Waikato,76,64,59, 842 , 776 
169900,Tuakau Rural,Counties Manukau,59,Masked,Masked, >950 , >950 
170000,Tuakau North,Counties Manukau,125,Masked,114, >950 , 912 
170100,Onewhero,Counties Manukau,40,35,29, 875 , 725 
170300,Tuakau South,Counties Manukau,111,Masked,102, >950 , 919 
170500,Pokeno,Counties Manukau,252,Masked,235, >950 , 933 
170700,Maramarua,Waikato,46,41,37, 891 , 804 
171100,Te Kauwhata,Waikato,55,Masked,Masked, >950 , >950 
171400,Huntly West,Waikato,118,100,78, 847 , 661 
171500,Huntly East,Waikato,285,244,210, 856 , 737 
172100,Ngaruawahia Central,Waikato,75,70,56, 933 , 747 
174100,Te Aroha East,Waikato,76,69,55, 908 , 724 
175000,Matamata South,Waikato,49,Masked,Masked, >950 , >950 
175300,Flagstaff North,Waikato,66,Masked,Masked, >950 , >950 
175500,Flagstaff South,Waikato,42,Masked,Masked, >950 , >950 
175700,Pukete West,Waikato,76,Masked,70, >950 , 921 
175800,Flagstaff East,Waikato,61,Masked,53, >950 , 869 
175900,Rototuna Central,Waikato,108,94,88, 870 , 815 
176000,Pukete East,Waikato,42,Masked,Masked, >950 , >950 
176100,Te Manatu,Waikato,86,69,64, 802 , 744 
176200,Rototuna South,Waikato,76,68,60, 895 , 789 
176400,Saint Andrews West,Waikato,114,104,96, 912 , 842 
176500,Saint Andrews East,Waikato,46,38,34, 826 , 739 
176600,Queenwood (Hamilton City),Waikato,48,31,24, 646 , 500 
176800,Crawshaw,Waikato,172,156,136, 907 , 791 
177000,Western Heights (Hamilton City),Waikato,115,108,100, 939 , 870 
177100,Nawton West,Waikato,184,158,138, 859 , 750 
177200,Nawton East,Waikato,221,188,153, 851 , 692 
177300,Chartwell,Waikato,128,113,100, 883 , 781 
177400,Forest Lake (Hamilton City),Waikato,65,60,58, 923 , 892 
177500,Chedworth,Waikato,42,34,27, 810 , 643 
177600,Beerescourt,Waikato,62,58,48, 935 , 774 
177700,Miropiko,Waikato,67,62,60, 925 , 896 
177800,Porritt,Waikato,148,133,111, 899 , 750 
177900,Dinsdale North,Waikato,164,144,126, 878 , 768 
178000,Maeroa,Waikato,154,Masked,126, >950 , 818 
178100,Dinsdale South,Waikato,113,107,93, 947 , 823 
178200,Fairfield (Hamilton City),Waikato,296,257,207, 868 , 699 
178300,Whitiora,Waikato,97,90,86, 928 , 887 
178400,Enderley North,Waikato,221,184,161, 833 , 729 
178500,Fairview Downs,Waikato,197,183,158, 929 , 802 
178600,Temple View,Waikato,98,80,70, 816 , 714 
178700,Swarbrick,Waikato,124,104,90, 839 , 726 
178800,Kahikatea,Waikato,200,167,151, 835 , 755 
178900,Frankton Junction ,Waikato,51,Masked,46, >950 , 902 
179100,Enderley South,Waikato,202,176,147, 871 , 728 
179200,Ruakura,Waikato,89,84,80, 944 , 899 
179300,Claudelands,Waikato,92,72,59, 783 , 641 
179500,Hamilton Lake,Waikato,120,Masked,Masked, >950 , >950 
179600,Peachgrove,Waikato,142,124,105, 873 , 739 
179700,Hamilton East Village,Waikato,132,123,117, 932 , 886 
179800,Hamilton West,Waikato,43,Masked,36, >950 , 837 
179900,Greensboro,Waikato,287,236,201, 822 , 700 
180000,Hamilton East Cook,Waikato,103,Masked,87, >950 , 845 
180100,Melville North,Waikato,123,103,93, 837 , 756 
180200,Hamilton East,Waikato,96,Masked,85, >950 , 885 
180300,Melville South,Waikato,144,128,113, 889 , 785 
180400,Deanwell,Waikato,94,88,82, 936 , 872 
180500,Bader,Waikato,189,160,142, 847 , 751 
180600,Hillcrest West (Hamilton City),Waikato,91,Masked,81, >950 , 890 
180700,Hillcrest East (Hamilton City),Waikato,138,122,109, 884 , 790 
180800,Silverdale (Hamilton City),Waikato,82,73,61, 890 , 744 
180900,Glenview,Waikato,57,Masked,53, >950 , 930 
181000,Resthill,Waikato,90,80,77, 889 , 856 
181100,Fitzroy ,Waikato,120,Masked,113, >950 , 942 
185500,Otorohanga,Waikato,52,47,43, 904 , 827 
186000,Putararu,Waikato,53,46,37, 868 , 698 
186200,Paraonui,Waikato,119,108,91, 908 , 765 
186300,Parkdale,Waikato,55,38,33, 691 , 600 
186400,Matarawa,Waikato,215,175,146, 814 , 679 
186500,Stanley Park,Waikato,247,204,177, 826 , 717 
186600,Strathmore (South Waikato District),Waikato,336,277,246, 824 , 732 
186700,Tokoroa Central,Waikato,120,100,84, 833 , 700 
186800,Moananui,Waikato,344,267,227, 776 , 660 
187300,Te Kuiti West,Waikato,79,62,59, 785 , 747 
187400,Te Kuiti East,Waikato,70,61,54, 871 , 771 
188500,Nukuhau-Rangatira Park,Lakes,40,35,31, 875 , 775 
188700,Tauhara,Lakes,59,56,47, 949 , 797 
188800,Taupo Central East,Lakes,83,70,63, 843 , 759 
188900,Mountview,Lakes,56,47,40, 839 , 714 
189100,Hilltop (Taupo District),Lakes,54,47,39, 870 , 722 
189300,Richmond Heights,Lakes,50,42,37, 840 , 740 
190500,Aongatete,Bay of Plenty,77,Masked,Masked, >950 , >950 
190600,Katikati,Bay of Plenty,160,Masked,119, >950 , 744 
191900,Te Puke West,Bay of Plenty,95,Masked,Masked, >950 , >950 
192000,Rangiuru,Bay of Plenty,87,Masked,Masked, >950 , >950 
192100,Te Puke East,Bay of Plenty,137,Masked,112, >950 , 818 
192500,Pongakawa,Bay of Plenty,40,Masked,Masked, >950 , >950 
193100,Bellevue,Bay of Plenty,50,45,40, 900 , 800 
193200,Otumoetai North,Bay of Plenty,43,Masked,Masked, >950 , >950 
193400,Brookfield West,Bay of Plenty,58,53,42, 914 , 724 
193600,Brookfield East,Bay of Plenty,47,41,34, 872 , 723 
194000,Judea,Bay of Plenty,55,Masked,48, >950 , 873 
194400,Tauranga Hospital,Bay of Plenty,81,Masked,73, >950 , 901 
194600,Gate Pa,Bay of Plenty,180,150,117, 833 , 650 
194800,Tauranga South,Bay of Plenty,100,77,65, 770 , 650 
194900,Arataki North,Bay of Plenty,50,45,39, 900 , 780 
195100,Pyes Pa West,Bay of Plenty,71,Masked,Masked, >950 , >950 
195200,Greerton North,Bay of Plenty,65,59,47, 908 , 723 
195300,Yatton Park,Bay of Plenty,153,131,95, 856 , 621 
195400,Pyes Pa North,Bay of Plenty,74,Masked,62, >950 , 838 
195500,Arataki South,Bay of Plenty,51,44,35, 863 , 686 
195800,Te Maunga North,Bay of Plenty,47,38,32, 809 , 681 
195900,Maungatapu,Bay of Plenty,42,35,34, 833 , 810 
196000,Hairini,Bay of Plenty,47,42,38, 894 , 809 
196200,Te Maunga South,Bay of Plenty,49,Masked,Masked, >950 , >950 
196600,Welcome Bay West,Bay of Plenty,48,35,29, 729 , 604 
196700,Welcome Bay East,Bay of Plenty,45,Masked,Masked, >950 , >950 
196900,Welcome Bay South,Bay of Plenty,63,55,42, 873 , 667 
197000,Palm Beach North,Bay of Plenty,55,39,35, 709 , 636 
197200,Papamoa Beach North,Bay of Plenty,46,37,31, 804 , 674 
197300,Doncaster,Bay of Plenty,40,37,36, 925 , 900 
197400,Papamoa Beach South,Bay of Plenty,46,36,26, 783 , 565 
197600,Wairakei ,Bay of Plenty,138,111,84, 804 , 609 
198500,Selwyn Heights,Lakes,49,42,35, 857 , 714 
198600,Pleasant Heights,Lakes,85,66,55, 776 , 647 
198800,Kawaha,Lakes,54,49,46, 907 , 852 
198900,Fairy Springs,Lakes,68,55,46, 809 , 676 
199000,Western Heights (Rotorua District),Lakes,91,76,63, 835 , 692 
199100,Pukehangi North,Lakes,77,65,53, 844 , 688 
199200,Pukehangi South,Lakes,48,38,35, 792 , 729 
199400,Koutu,Lakes,63,46,40, 730 , 635 
199500,Mangakakahi West,Lakes,81,72,61, 889 , 753 
199700,Fordlands,Lakes,155,138,101, 890 , 652 
199900,Utuhina,Lakes,75,58,50, 773 , 667 
200200,Hillcrest (Rotorua District),Lakes,40,Masked,29, >950 , 725 
200300,Victoria,Lakes,77,58,48, 753 , 623 
200500,Glenholme North,Lakes,99,83,70, 838 , 707 
200800,Glenholme South,Lakes,44,37,28, 841 , 636 
200900,Owhata West,Lakes,51,47,42, 922 , 824 
201200,Fenton Park,Lakes,44,Masked,39, >950 , 886 
201400,Owhata East,Lakes,60,54,49, 900 , 817 
202600,Whakatane West,Bay of Plenty,50,41,32, 820 , 640 
202700,Whakatane Central,Bay of Plenty,53,46,42, 868 , 792 
202800,Trident,Bay of Plenty,44,Masked,36, >950 , 818 
203900,Tarawera Park,Bay of Plenty,57,40,34, 702 , 596 
204400,Opotiki,Bay of Plenty,74,Masked,Masked, >950 , >950 
204600,Oponae,Bay of Plenty,,<5,<5,,
205400,Hexton,Tairawhiti,63,Masked,Masked, >950 , >950 
205600,Makaraka-Awapuni,Tairawhiti,40,32,31, 800 , 775 
205800,Te Hapara North,Tairawhiti,53,Masked,Masked, >950 , >950 
206000,Elgin,Tairawhiti,86,Masked,62, >950 , 721 
206100,Te Hapara South,Tairawhiti,73,69,59, 945 , 808 
206300,Mangapapa South,Tairawhiti,45,40,36, 889 , 800 
206400,Te Hapara East,Tairawhiti,51,46,40, 902 , 784 
206500,Centennial Crescent,Tairawhiti,48,Masked,42, >950 , 875 
207000,Kaiti South,Tairawhiti,168,Masked,147, >950 , 875 
207100,Outer Kaiti,Tairawhiti,82,74,54, 902 , 659 
207200,Tamarau,Tairawhiti,50,46,38, 920 , 760 
207800,Wairoa,Hawke's Bay,51,48,45, 941 , 882 
208400,Omahu-Pakowhai,Hawke's Bay,53,Masked,Masked, >950 , >950 
208800,Flaxmere West,Hawke's Bay,485,422,343, 870 , 707 
209000,Lochain Park,Hawke's Bay,419,369,300, 881 , 716 
209100,Flaxmere Park,Hawke's Bay,303,Masked,236, >950 , 779 
209200,Flaxmere South,Hawke's Bay,382,328,270, 859 , 707 
209400,Frimley,Hawke's Bay,72,Masked,Masked, >950 , >950 
209500,Camberley,Hawke's Bay,285,246,215, 863 , 754 
209600,Clive,Hawke's Bay,43,Masked,Masked, >950 , >950 
209700,St Leonards,Hawke's Bay,109,94,74, 862 , 679 
209800,Mahora,Hawke's Bay,122,110,96, 902 , 787 
209900,Raureka,Hawke's Bay,196,181,151, 923 , 770 
210000,Cornwall Park,Hawke's Bay,108,95,78, 880 , 722 
210300,Raceway Park,Hawke's Bay,82,Masked,Masked, >950 , >950 
210600,Tomoana Crossing,Hawke's Bay,73,Masked,62, >950 , 849 
210700,Akina Park,Hawke's Bay,52,Masked,47, >950 , 904 
210800,Queens Square,Hawke's Bay,49,Masked,39, >950 , 796 
210900,Mayfair,Hawke's Bay,126,Masked,99, >950 , 786 
211000,Parkhaven,Hawke's Bay,73,Masked,64, >950 , 877 
213500,Tamatea West,Hawke's Bay,42,Masked,36, >950 , 857 
213600,Tamatea North,Hawke's Bay,42,34,28, 810 , 667 
214500,Nelson Park,Hawke's Bay,44,41,33, 932 , 750 
214700,Pirimai East,Hawke's Bay,51,46,41, 902 , 804 
214800,Onekawa East,Hawke's Bay,77,69,49, 896 , 636 
214900,Tareha Reserve,Hawke's Bay,42,36,35, 857 , 833 
215000,Marewa East,Hawke's Bay,93,74,63, 796 , 677 
215100,Onekawa South,Hawke's Bay,122,109,83, 893 , 680 
215300,Maraenui,Hawke's Bay,324,288,255, 889 , 787 
215400,Meeanee-Awatoto,Hawke's Bay,57,Masked,Masked, >950 , >950 
215700,Waipawa,Hawke's Bay,46,37,32, 804 , 696 
216300,Spotswood,Taranaki,74,57,48, 770 , 649 
216800,Blagdon-Lynmouth,Taranaki,52,Masked,46, >950 , 885 
217400,Westown ,Taranaki,65,57,48, 877 , 738 
217500,Bell Block West,Taranaki,73,56,46, 767 , 630 
217600,Bell Block East,Taranaki,57,49,39, 860 , 684 
217800,Lower Vogeltown,Taranaki,43,37,34, 860 , 791 
218100,Merrilands,Taranaki,46,42,36, 913 , 783 
218400,Fitzroy-Glen Avon,Taranaki,45,Masked,36, >950 , 800 
218500,Waitara West,Taranaki,63,57,46, 905 , 730 
218900,Waitara East,Taranaki,50,42,32, 840 , 640 
220800,Kaponga-Mangatoki,Taranaki,,<5,<5,,
223800,Castlecliff East,Whanganui,65,54,48, 831 , 738 
224300,Titoki,Whanganui,101,85,67, 842 , 663 
224400,Springvale West,Whanganui,42,38,34, 905 , 810 
224800,Laird Park,Whanganui,61,51,48, 836 , 787 
225200,Gonville West,Whanganui,59,51,43, 864 , 729 
225300,Gonville North,Whanganui,88,77,70, 875 , 795 
225800,Gonville South,Whanganui,55,47,38, 855 , 691 
226700,Marton North,Whanganui,120,109,95, 908 , 792 
226900,Marton South,Whanganui,136,115,101, 846 , 743 
227000,Bulls,Whanganui,89,65,55, 730 , 618 
227900,Makino,MidCentral,40,34,33, 850 , 825 
228300,Kimbolton West,MidCentral,41,37,33, 902 , 805 
228800,Newbury,MidCentral,59,53,48, 898 , 814 
229000,Milson North,MidCentral,69,58,56, 841 , 812 
229100,Cloverlea (Palmerston North City),MidCentral,57,46,39, 807 , 684 
229300,Milson South,MidCentral,87,74,66, 851 , 759 
229500,Westbrook,MidCentral,211,185,157, 877 , 744 
229600,Takaro North,MidCentral,111,96,78, 865 , 703 
229800,Palmerston North Hospital,MidCentral,55,47,40, 855 , 727 
229900,Highbury East,MidCentral,211,172,142, 815 , 673 
230000,Park West,MidCentral,79,73,63, 924 , 797 
230100,Takaro South,MidCentral,96,85,71, 885 , 740 
230200,Roslyn (Palmerston North City),MidCentral,115,92,78, 800 , 678 
230300,Kelvin Grove West,MidCentral,94,87,80, 926 , 851 
230400,Kelvin Grove North,MidCentral,52,Masked,44, >950 , 846 
230500,Papaioea North,MidCentral,47,Masked,38, >950 , 809 
230600,Palmerston North Central,MidCentral,57,52,45, 912 , 789 
230700,Awapuni North ,MidCentral,206,194,155, 942 , 752 
230800,Terrace End,MidCentral,126,Masked,108, >950 , 857 
230900,Maraetarata,MidCentral,46,42,34, 913 , 739 
231000,Papaioea South,MidCentral,54,47,40, 870 , 741 
231100,Royal Oak (Palmerston North City),MidCentral,52,Masked,Masked, >950 , >950 
231200,West End,MidCentral,102,85,72, 833 , 706 
231300,Awapuni South ,MidCentral,53,Masked,43, >950 , 811 
231400,Milverton,MidCentral,53,44,37, 830 , 698 
231500,Ruamahanga,MidCentral,68,Masked,57, >950 , 838 
231600,Esplanade,MidCentral,50,42,36, 840 , 720 
231800,Hokowhitu East,MidCentral,46,41,36, 891 , 783 
232200,Ashhurst,MidCentral,50,Masked,46, >950 , 920 
233300,Dannevirke East,MidCentral,42,Masked,38, >950 , 905 
234800,Ohau-Manakau,MidCentral,61,Masked,Masked, >950 , >950 
234900,Kawiu South,MidCentral,86,76,69, 884 , 802 
235000,Makomako,MidCentral,105,97,79, 924 , 752 
235200,Levin Central,MidCentral,78,68,61, 872 , 782 
235300,Tararua,MidCentral,59,53,49, 898 , 831 
235500,Queenwood (Horowhenua District),MidCentral,116,Masked,93, >950 , 802 
235600,Playford Park,MidCentral,114,106,89, 930 , 781 
235700,Fairfield (Horowhenua District),MidCentral,73,64,51, 877 , 699 
235800,Taitoko,MidCentral,183,160,133, 874 , 727 
235900,Waiopehu,MidCentral,92,87,81, 946 , 880 
236500,Otaki,MidCentral,95,75,63, 789 , 663 
236800,Waikanae Beach,Capital and Coast,47,41,35, 872 , 745 
237000,Paraparaumu Beach North,Capital and Coast,62,53,45, 855 , 726 
237100,Paraparaumu Beach West,Capital and Coast,50,47,42, 940 , 840 
237300,Paraparaumu Beach East,Capital and Coast,54,46,37, 852 , 685 
237500,Paraparaumu North,Capital and Coast,63,Masked,50, >950 , 794 
237600,Waikanae West,Capital and Coast,40,35,32, 875 , 800 
237800,Paraparaumu Central,Capital and Coast,123,115,108, 935 , 878 
238000,Raumati Beach West,Capital and Coast,47,44,37, 936 , 787 
238300,Raumati Beach East,Capital and Coast,46,38,30, 826 , 652 
238400,Paraparaumu East,Capital and Coast,55,39,34, 709 , 618 
238500,Raumati South,Capital and Coast,61,Masked,57, >950 , 934 
239000,Plimmerton,Capital and Coast,56,40,33, 714 , 589 
239100,Titahi Bay North,Capital and Coast,256,222,184, 867 , 719 
239200,Titahi Bay South,Capital and Coast,436,381,331, 874 , 759 
239300,Elsdon-Takapuwahia,Capital and Coast,402,341,288, 848 , 716 
239500,Onepoto,Capital and Coast,186,163,149, 876 , 801 
239600,Camborne,Capital and Coast,42,36,34, 857 , 810 
239800,Paremata,Capital and Coast,92,Masked,85, >950 , 924 
240000,Papakowhai,Capital and Coast,119,107,93, 899 , 782 
240100,Aotea,Capital and Coast,256,Masked,224, >950 , 875 
240200,Postgate,Capital and Coast,311,266,229, 855 , 736 
240300,Ascot Park,Capital and Coast,891,756,654, 848 , 734 
240400,Whitby,Capital and Coast,155,136,120, 877 , 774 
240500,Porirua East,Capital and Coast,666,547,462, 821 , 694 
240600,Endeavour,Capital and Coast,141,Masked,124, >950 , 879 
240700,Cannons Creek North,Capital and Coast,1387,1124,937, 810 , 676 
240800,Waitangirua,Capital and Coast,2034,1657,1384, 815 , 680 
240900,Ranui Heights ,Capital and Coast,244,203,183, 832 , 750 
241000,Cannons Creek East,Capital and Coast,1896,1569,1359, 828 , 717 
241100,Cannons Creek South,Capital and Coast,738,617,499, 836 , 676 
241300,Riverstone Terraces,Hutt Valley,81,70,65, 864 , 802 
241400,Heretaunga,Hutt Valley,97,Masked,87, >950 , 897 
241500,Birchville-Brown Owl,Hutt Valley,95,80,72, 842 , 758 
241600,Poets Block,Hutt Valley,85,76,70, 894 , 824 
241700,Brentwood (Upper Hutt City),Hutt Valley,152,139,123, 914 , 809 
241800,Silverstream (Upper Hutt City),Hutt Valley,74,Masked,Masked, >950 , >950 
241900,Elderslea,Hutt Valley,153,122,101, 797 , 660 
242000,Trentham North,Hutt Valley,161,130,115, 807 , 714 
242100,Totara Park,Hutt Valley,67,52,43, 776 , 642 
242400,Ebdentown,Hutt Valley,79,73,66, 924 , 835 
242500,Wallaceville,Hutt Valley,97,92,79, 948 , 814 
242600,Maoribank,Hutt Valley,145,123,103, 848 , 710 
242900,Clouston Park,Hutt Valley,135,112,100, 830 , 741 
243200,Maungaraki,Hutt Valley,144,127,114, 882 , 792 
243400,Kelson,Hutt Valley,114,101,93, 886 , 816 
243600,Belmont (Lower Hutt City),Hutt Valley,72,68,61, 944 , 847 
243700,Petone Central,Hutt Valley,57,49,43, 860 , 754 
244000,Alicetown-Melling,Hutt Valley,139,121,108, 871 , 777 
244100,Taita North,Hutt Valley,753,658,594, 874 , 789 
244200,Boulcott,Hutt Valley,92,85,75, 924 , 815 
244300,Hutt Central North,Hutt Valley,69,Masked,54, >950 , 783 
244400,Avalon West,Hutt Valley,196,178,155, 908 , 791 
244500,Stokes Valley Central,Hutt Valley,197,165,143, 838 , 726 
244600,Taita South,Hutt Valley,561,453,399, 807 , 711 
244700,Petone East,Hutt Valley,196,175,161, 893 , 821 
244800,Hutt Central South,Hutt Valley,50,40,36, 800 , 720 
244900,Stokes Valley North,Hutt Valley,237,201,180, 848 , 759 
245000,Petone Esplanade,Hutt Valley,170,154,140, 906 , 824 
245100,Epuni West,Hutt Valley,164,139,122, 848 , 744 
245200,Avalon East,Hutt Valley,338,275,241, 814 , 713 
245400,Naenae Central,Hutt Valley,541,444,364, 821 , 673 
245500,Waterloo West,Hutt Valley,71,Masked,62, >950 , 873 
245600,Epuni East,Hutt Valley,197,168,153, 853 , 777 
245800,Moera,Hutt Valley,151,121,105, 801 , 695 
245900,Delaney,Hutt Valley,370,304,265, 822 , 716 
246000,Waiwhetu,Hutt Valley,301,278,247, 924 , 821 
246100,Waterloo East,Hutt Valley,138,126,110, 913 , 797 
246200,Naenae North,Hutt Valley,467,393,336, 842 , 719 
246300,Manuka,Hutt Valley,99,79,68, 798 , 687 
246400,Naenae South,Hutt Valley,390,341,294, 874 , 754 
246600,Arakura,Hutt Valley,262,232,201, 885 , 767 
246900,Wainuiomata West,Hutt Valley,458,417,376, 910 , 821 
247000,Glendale,Hutt Valley,385,324,289, 842 , 751 
247100,Wainuiomata Central,Hutt Valley,176,151,126, 858 , 716 
247300,Homedale East,Hutt Valley,222,187,159, 842 , 716 
247400,Homedale West,Hutt Valley,270,241,208, 893 , 770 
247600,Tawa North,Capital and Coast,230,Masked,203, >950 , 883 
247700,Linden,Capital and Coast,316,277,234, 877 , 741 
247800,Tawa South,Capital and Coast,134,123,111, 918 , 828 
247900,Tawa Central,Capital and Coast,170,151,131, 888 , 771 
248000,Grenada North,Capital and Coast,127,117,103, 921 , 811 
248100,Churton Park North,Capital and Coast,129,113,104, 876 , 806 
248300,Churton Park South,Capital and Coast,92,87,75, 946 , 815 
248400,Johnsonville West,Capital and Coast,154,140,127, 909 , 825 
248500,Grenada Village,Capital and Coast,58,51,43, 879 , 741 
248600,Johnsonville North,Capital and Coast,107,101,84, 944 , 785 
248700,Paparangi,Capital and Coast,148,139,126, 939 , 851 
248900,Johnsonville Central,Capital and Coast,163,134,124, 822 , 761 
249000,Broadmeadows,Capital and Coast,67,53,51, 791 , 761 
249200,Johnsonville South,Capital and Coast,99,86,71, 869 , 717 
249400,Karori Park,Capital and Coast,199,174,150, 874 , 754 
249500,Newlands North,Capital and Coast,225,Masked,195, >950 , 867 
249700,Newlands South,Capital and Coast,218,Masked,199, >950 , 913 
249800,Woodridge,Capital and Coast,58,54,52, 931 , 897 
250100,Wilton,Capital and Coast,76,Masked,67, >950 , 882 
250400,Karori South,Capital and Coast,109,99,94, 908 , 862 
250800,Northland (Wellington City),Capital and Coast,40,37,35, 925 , 875 
250900,Thorndon,Capital and Coast,86,76,68, 884 , 791 
251200,Aro Valley,Capital and Coast,66,59,55, 894 , 833 
251400,Wellington Central,Capital and Coast,95,72,66, 758 , 695 
251600,Dixon Street,Capital and Coast,137,127,107, 927 , 781 
251700,Vivian West,Capital and Coast,62,Masked,57, >950 , 919 
251800,Courtenay,Capital and Coast,41,34,34, 829 , 829 
251900,Brooklyn East,Capital and Coast,51,Masked,45, >950 , 882 
252000,Mount Cook West,Capital and Coast,113,94,83, 832 , 735 
252100,Vivian East,Capital and Coast,44,41,37, 932 , 841 
252200,Brooklyn South,Capital and Coast,68,64,62, 941 , 912 
252400,Mount Cook East,Capital and Coast,92,81,69, 880 , 750 
252500,Mount Victoria,Capital and Coast,71,Masked,67, >950 , 944 
252700,Owhiro Bay,Capital and Coast,125,107,99, 856 , 792 
252800,Kingston-Mornington-Vogeltown,Capital and Coast,104,95,83, 913 , 798 
252900,Newtown North,Capital and Coast,129,Masked,105, >950 , 814 
253000,Newtown West,Capital and Coast,154,141,131, 916 , 851 
253100,Hataitai North,Capital and Coast,86,74,69, 860 , 802 
253300,Berhampore,Capital and Coast,259,232,200, 896 , 772 
253500,Maupuia,Capital and Coast,128,115,104, 898 , 813 
253600,Newtown South,Capital and Coast,252,228,212, 905 , 841 
253700,Kilbirnie Central,Capital and Coast,153,Masked,125, >950 , 817 
253800,Island Bay West,Capital and Coast,128,112,98, 875 , 766 
253900,Melrose,Capital and Coast,46,40,36, 870 , 783 
254000,Island Bay East,Capital and Coast,112,105,97, 938 , 866 
254100,Miramar North,Capital and Coast,119,109,95, 916 , 798 
254200,Kilbirnie East,Capital and Coast,184,163,145, 886 , 788 
254300,Lyall Bay,Capital and Coast,164,127,107, 774 , 652 
254400,Miramar Central,Capital and Coast,136,Masked,118, >950 , 868 
254500,Southgate,Capital and Coast,76,65,58, 855 , 763 
254700,Houghton Bay,Capital and Coast,56,49,36, 875 , 643 
254800,Miramar East,Capital and Coast,89,78,73, 876 , 820 
254900,Miramar South,Capital and Coast,344,325,284, 945 , 826 
255100,Strathmore (Wellington City),Capital and Coast,473,435,372, 920 , 786 
255700,Solway North,Wairarapa,55,Masked,44, >950 , 800 
256100,Douglas Park,Wairarapa,60,52,44, 867 , 733 
256200,Solway South,Wairarapa,93,85,68, 914 , 731 
256300,Lansdowne East,Wairarapa,63,Masked,52, >950 , 825 
256400,Cameron and Soldiers Park,Wairarapa,59,47,40, 797 , 678 
256700,McJorrow Park,Wairarapa,114,98,82, 860 , 719 
257500,Featherston,Wairarapa,51,48,41, 941 , 804 
300800,Kaiteriteri-Riwaka,Nelson Marlborough,52,Masked,Masked, >950 , >950 
301200,Motueka West,Nelson Marlborough,49,Masked,Masked, >950 , >950 
304100,Tahunanui,Nelson Marlborough,55,52,47, 945 , 855 
304200,Britannia,Nelson Marlborough,43,Masked,Masked, >950 , >950 
304400,Broadgreen-Monaco,Nelson Marlborough,46,40,35, 870 , 761 
304500,Washington,Nelson Marlborough,50,44,32, 880 , 640 
304800,The Wood,Nelson Marlborough,43,Masked,31, >950 , 721 
305000,Nayland,Nelson Marlborough,57,Masked,45, >950 , 789 
305300,Rutherford,Nelson Marlborough,40,Masked,37, >950 , 925 
305600,Grampians,Nelson Marlborough,51,Masked,42, >950 , 824 
305900,Omaio,Nelson Marlborough,55,Masked,51, >950 , 927 
307500,Springlands,Nelson Marlborough,70,Masked,64, >950 , 914 
307600,Yelverton,Nelson Marlborough,80,Masked,68, >950 , 850 
307700,Mayfield,Nelson Marlborough,78,Masked,Masked, >950 , >950 
307800,Whitney West,Nelson Marlborough,67,Masked,Masked, >950 , >950 
307900,Blenheim Central,Nelson Marlborough,48,Masked,Masked, >950 , >950 
308000,Riversdale-Islington,Nelson Marlborough,83,Masked,Masked, >950 , >950 
308100,Whitney East,Nelson Marlborough,98,Masked,83, >950 , 847 
308200,Redwoodtown West,Nelson Marlborough,76,64,57, 842 , 750 
308300,Witherlea West,Nelson Marlborough,40,Masked,37, >950 , 925 
308400,Redwoodtown East,Nelson Marlborough,69,62,53, 899 , 768 
308500,Riverlands,Nelson Marlborough,55,Masked,Masked, >950 , >950 
315700,Kaiapoi North West,Canterbury,49,38,34, 776 , 694 
315900,Sovereign Palms,Canterbury,46,40,34, 870 , 739 
316600,Yaldhurst,Canterbury,44,Masked,36, >950 , 818 
317300,Belfast East,Canterbury,58,Masked,52, >950 , 897 
317700,Hawthornden,Canterbury,78,Masked,70, >950 , 897 
317800,Bishopdale North,Canterbury,85,72,65, 847 , 765 
317900,Casebrook,Canterbury,89,Masked,82, >950 , 921 
318000,Bishopdale West,Canterbury,97,75,64, 773 , 660 
318200,Islington,Canterbury,56,44,41, 786 , 732 
318300,Burnside Park,Canterbury,50,43,32, 860 , 640 
318700,Broomfield,Canterbury,143,118,100, 825 , 699 
318800,Redwood West,Canterbury,81,74,62, 914 , 765 
319000,Bishopdale South,Canterbury,59,Masked,Masked, >950 , >950 
319200,Burnside,Canterbury,77,64,54, 831 , 701 
319300,Hei Hei,Canterbury,243,211,193, 868 , 794 
319400,Papanui North,Canterbury,84,Masked,64, >950 , 762 
319500,Avonhead East,Canterbury,59,54,51, 915 , 864 
319600,Redwood East,Canterbury,73,65,56, 890 , 767 
319700,Avonhead South,Canterbury,70,66,55, 943 , 786 
319800,Riccarton Racecourse,Canterbury,59,Masked,56, >950 , 949 
319900,Bryndwr North,Canterbury,102,94,80, 922 , 784 
320100,Papanui West,Canterbury,56,44,38, 786 , 679 
320200,Ilam North,Canterbury,64,Masked,56, >950 , 875 
320300,Hornby West,Canterbury,141,132,114, 936 , 809 
320500,Northcote (Christchurch City),Canterbury,66,62,47, 939 , 712 
320700,Ilam South,Canterbury,78,71,64, 910 , 821 
320800,Bryndwr South,Canterbury,68,60,55, 882 , 809 
320900,Papanui East,Canterbury,42,Masked,36, >950 , 857 
321000,Sockburn North,Canterbury,127,114,96, 898 , 756 
321100,Hornby South,Canterbury,163,151,131, 926 , 804 
321200,Ilam University,Canterbury,63,50,44, 794 , 698 
321300,Prestons,Canterbury,44,Masked,38, >950 , 864 
321700,Mairehau North,Canterbury,65,Masked,55, >950 , 846 
321800,Bush Inn,Canterbury,63,Masked,50, >950 , 794 
321900,Awatea North,Canterbury,105,Masked,97, >950 , 924 
322000,Upper Riccarton,Canterbury,79,68,54, 861 , 684 
322100,Malvern,Canterbury,41,Masked,Masked, >950 , >950 
322700,Wharenui,Canterbury,97,91,80, 938 , 825 
323100,Mairehau South,Canterbury,101,89,68, 881 , 673 
323300,Riccarton West,Canterbury,118,Masked,99, >950 , 839 
323400,Shirley West,Canterbury,194,158,129, 814 , 665 
323700,Queenspark,Canterbury,88,70,52, 795 , 591 
323800,St Albans North,Canterbury,44,37,32, 841 , 727 
324000,Travis Wetlands,Canterbury,56,47,40, 839 , 714 
324300,Oaklands West,Canterbury,52,Masked,Masked, >950 , >950 
324400,Riccarton South,Canterbury,65,Masked,54, >950 , 831 
324500,Halswell West,Canterbury,49,46,36, 939 , 735 
324600,Shirley East,Canterbury,44,41,32, 932 , 727 
324800,St Albans East,Canterbury,66,56,48, 848 , 727 
325000,Hillmorton,Canterbury,85,Masked,71, >950 , 835 
325100,Parklands,Canterbury,107,89,73, 832 , 682 
325300,Edgeware,Canterbury,78,57,48, 731 , 615 
325400,Aidanfield,Canterbury,50,42,39, 840 , 780 
325600,Burwood,Canterbury,81,74,63, 914 , 778 
325800,Christchurch Central-North,Canterbury,56,42,36, 750 , 643 
325900,Richmond North (Christchurch City),Canterbury,54,42,32, 778 , 593 
326100,Addington West,Canterbury,95,90,75, 947 , 789 
326300,Oaklands East,Canterbury,70,58,48, 829 , 686 
326500,Dallington,Canterbury,79,Masked,63, >950 , 797 
326700,Hoon Hay West,Canterbury,386,341,305, 883 , 790 
326800,Richmond South (Christchurch City),Canterbury,63,Masked,47, >950 , 746 
326900,Spreydon West,Canterbury,67,59,47, 881 , 701 
327000,Christchurch Central-East,Canterbury,62,50,40, 806 , 645 
327200,North Beach,Canterbury,96,80,68, 833 , 708 
327400,Addington East,Canterbury,94,85,81, 904 , 862 
327500,Avondale (Christchurch City),Canterbury,116,96,86, 828 , 741 
327600,Spreydon North,Canterbury,111,Masked,98, >950 , 883 
327700,Hoon Hay East,Canterbury,80,Masked,71, >950 , 888 
327800,Avonside,Canterbury,97,77,66, 794 , 680 
327900,Linwood West,Canterbury,233,214,192, 918 , 824 
328200,Spreydon South,Canterbury,42,Masked,37, >950 , 881 
328300,Rawhiti ,Canterbury,95,80,62, 842 , 653 
328400,Wainoni,Canterbury,182,142,114, 780 , 626 
328500,Linwood North,Canterbury,139,132,105, 950 , 755 
328600,Aranui,Canterbury,527,437,367, 829 , 696 
328900,Phillipstown,Canterbury,243,224,187, 922 , 770 
329100,Somerfield East,Canterbury,41,34,29, 829 , 707 
329300,Linwood East,Canterbury,135,Masked,119, >950 , 881 
329400,Sydenham North,Canterbury,68,56,49, 824 , 721 
329500,Hoon Hay South,Canterbury,49,46,40, 939 , 816 
329600,Charleston (Christchurch City),Canterbury,61,45,34, 738 , 557 
329700,Sydenham South,Canterbury,59,51,45, 864 , 763 
329800,Bexley,Canterbury,216,196,162, 907 , 750 
329900,Waltham,Canterbury,82,75,67, 915 , 817 
330100,Woolston North,Canterbury,173,151,126, 873 , 728 
330200,New Brighton,Canterbury,83,68,57, 819 , 687 
330400,Bromley South,Canterbury,229,198,173, 865 , 755 
330500,Ensors,Canterbury,84,75,62, 893 , 738 
331000,Woolston West,Canterbury,49,44,38, 898 , 776 
331100,Woolston East,Canterbury,217,203,181, 935 , 834 
331700,South New Brighton,Canterbury,47,43,35, 915 , 745 
331800,Brookhaven-Ferrymead,Canterbury,56,Masked,49, >950 , 875 
334900,Rolleston North West,Canterbury,70,Masked,62, >950 , 886 
335100,Rolleston Central,Canterbury,61,Masked,51, >950 , 836 
335200,Rolleston North East,Canterbury,75,Masked,69, >950 , 920 
335300,Rolleston South West,Canterbury,51,48,45, 941 , 882 
335500,Rolleston South East,Canterbury,167,153,130, 916 , 778 
336000,Lincoln West,Canterbury,42,32,30, 762 , 714 
337400,Allenton North,Canterbury,67,61,51, 910 , 761 
337500,Allenton South,Canterbury,91,76,63, 835 , 692 
337600,Rakaia,Canterbury,50,Masked,37, >950 , 740 
337800,Allenton East,Canterbury,120,103,91, 858 , 758 
338200,Tinwald South,Canterbury,88,81,63, 920 , 716 
338300,Ashburton East,Canterbury,140,116,98, 829 , 700 
338400,Netherby,Canterbury,197,178,155, 904 , 787 
338500,Hampstead,Canterbury,274,228,190, 832 , 693 
340100,Glenwood,South Canterbury,47,41,38, 872 , 809 
340300,Marchwiel East,South Canterbury,65,Masked,60, >950 , 923 
340600,Waimataitai-Maori Hill,South Canterbury,47,41,37, 872 , 787 
340700,Fraser Park,South Canterbury,48,Masked,40, >950 , 833 
340800,Seaview,South Canterbury,55,Masked,43, >950 , 782 
341000,Watlington,South Canterbury,52,49,39, 942 , 750 
341300,Parkside,South Canterbury,68,56,53, 824 , 779 
343900,Oamaru North Milner Park,Southern,146,Masked,127, >950 , 870 
344000,Oamaru North Orana Park,Southern,187,Masked,153, >950 , 818 
344200,Glen Warren,Southern,126,89,68, 706 , 540 
344500,South Hill,Southern,62,Masked,53, >950 , 855 
344900,Cromwell West,Southern,73,Masked,Masked, >950 , >950 
345000,Cromwell East,Southern,42,Masked,35, >950 , 833 
348400,Frankton,Southern,43,Masked,40, >950 , 930 
348700,Shotover Country,Southern,53,Masked,Masked, >950 , >950 
349900,Mosgiel Central,Southern,42,Masked,Masked, >950 , >950 
350000,Seddon Park,Southern,49,42,39, 857 , 796 
350400,Halfway Bush,Southern,53,49,44, 925 , 830 
350600,Glenleith,Southern,40,Masked,Masked, >950 , >950 
350900,Brockville,Southern,98,Masked,84, >950 , 857 
351000,Wakari,Southern,93,77,72, 828 , 774 
351300,Pine Hill-Dalmore,Southern,58,48,38, 828 , 655 
351600,Roslyn (Dunedin City),Southern,42,39,35, 929 , 833 
351700,North East Valley Chingford,Southern,49,Masked,40, >950 , 816 
352000,North East Valley Knox,Southern,88,Masked,79, >950 , 898 
352200,Gardens (Dunedin City),Southern,87,Masked,Masked, >950 , >950 
352400,Campus West,Southern,65,Masked,Masked, >950 , >950 
352900,Arthur Street,Southern,62,53,43, 855 , 694 
353100,Campus North,Southern,134,Masked,126, >950 , 940 
353200,Campus South,Southern,91,Masked,81, >950 , 890 
353300,Mornington,Southern,91,81,72, 890 , 791 
353400,Dunedin Central,Southern,71,Masked,67, >950 , 944 
353500,Maryhill,Southern,79,72,60, 911 , 759 
353800,Fernhill,Southern,67,Masked,56, >950 , 836 
354000,Concord,Southern,56,52,48, 929 , 857 
354100,Calton Hill,Southern,74,55,46, 743 , 622 
354200,Caversham,Southern,121,105,86, 868 , 711 
354400,Kew (Dunedin City),Southern,47,43,42, 915 , 894 
354500,Corstorphine,Southern,108,92,78, 852 , 722 
354600,Forbury,Southern,72,67,57, 931 , 792 
354700,Bathgate Park,Southern,118,107,96, 907 , 814 
354800,St Clair,Southern,55,51,47, 927 , 855 
355200,St Kilda South,Southern,126,Masked,110, >950 , 873 
355500,St Kilda North,Southern,112,Masked,102, >950 , 911 
355700,Tainui,Southern,54,44,40, 815 , 741 
356500,Balclutha South,Southern,70,Masked,Masked, >950 , >950 
356600,Balclutha North,Southern,57,54,48, 947 , 842 
360600,Prestonville-Grasmere,Southern,69,63,56, 913 , 812 
361500,Windsor ,Southern,52,49,42, 942 , 808 
361600,Richmond (Invercargill City),Southern,72,Masked,64, >950 , 889 
361700,Glengarry,Southern,80,Masked,66, >950 , 825 
362000,Crinan,Southern,56,Masked,44, >950 , 786 
362100,Georgetown,Southern,79,75,64, 949 , 810 
362200,Kew (Invercargill City),Southern,125,Masked,111, >950 , 888 
362400,Newfield,Southern,80,60,53, 750 , 663 
362500,Strathern,Southern,61,53,45, 869 , 738 
362600,Elizabeth Park,Southern,50,Masked,43, >950 , 860 
362700,Aurora,Southern,77,67,48, 870 , 623 
362800,Moulson,Southern,54,48,41, 889 , 759 
362900,Kingswell,Southern,69,58,48, 841 , 696 
363000,Clifton,Southern,77,68,57, 883 , 740 
363300,Bluff,Southern,56,44,39, 786 , 696 
Unknown,Unknown,Unknown,5411,Masked,5057, >950 , 935 
